ID,speaker_name,title_chinese,title_english,date,location,context,url,keywords,type
7167,周恩来,周恩来在中国共产党第十次全国代表大会上的报告,Report to the 10th National Congress of the Communist Party of China,28.08.1973,Beijing,The 10th National Congress of the Chinese Communist Party,https://www.gov.cn/test/2007-08/28/content_729616.htm,,speech
7596,胡锦涛,胡锦涛在中国共产党第十八次全国代表大会上的报告,Report to the 18th National Congress of the Communist Party of China,08.11.2012,Beijing,The 18th National Congress of the Chinese Communist Party,http://politics.people.com.cn/n/2012/1118/c1001-19612670-1.html,,speech
1341,习近平,习近平在中国共产党第二十次全国代表大会上的报告,Report to the 20th National Congress of the Communist Party of China,16.10.2022,Beijing,The 20th National Congress of the Chinese Communist Party,https://www.gov.cn/xinwen/2022-10/25/content_5721685.htm,,speech
7543,胡锦涛,胡锦涛在中国共产党第十七次全国代表大会上的报告,Report at the 17th National Congress of the Communist Party of China,25.10.2007,Beijing,The 17th National Congress of the Chinese Communist Party,http://cpc.people.com.cn/GB/104019/104101/6429414.html,,speech
6787,习近平,在中国共产党第十九次全国代表大会上的报告,Report at the 19th National Congress of the Communist Party of China,27.10.2017,Beijing,The 19th National Congress of the Chinese Communist Party,https://www.gov.cn/zhuanti/2017-10/27/content_5234876.htm,国防,speech
4650,习近平,习近平在和平共处五项原则发表70周年纪念大会上的讲话,Speech at the 70th anniversary of the publication of the Five Principles of Peaceful Coexistence,28.06.2024,Beijing,the 70th Anniversary of the Five Principles of Peaceful Coexistence,https://news.cyol.com/gb/articles/2024-06/28/content_BbYLeeHlY3.html,,speech
9062,国务院新闻办公室,新时代的中国国防,China's National Defense in the New Era,01.07.2019,Beijing,National Defense,http://www.mod.gov.cn/gfbw/qwfb/4846387.html,国防,white paper
5220,习近平,在庆祝中国人民解放军建军90周年大会上的讲话,Speech at the celebration of the 90th anniversary of the founding of the Chinese People's Liberation Army,01.08.2017,Beijing,The 90th anniversary of the founding of the Chinese People's Liberation Army,https://www.gov.cn/xinwen/2022-07/31/content_5703731.htm,国防,speech
1948,习近平,在中国科学院第二十次院士大会、中国工程院第十五次院士大会、中国科协第十次全国代表大会上的讲话,"Speech at the 20th Academician Conference of the Chinese Academy of Sciences, the 15th Academician Conference of the Chinese Academy of Engineering, and the 10th National Congress of the China Association for Science and Technology",28.05.2021,Beijing,"the 20th Conference of Academicians of the Chinese Academy of Sciences, the 15th Conference of Academicians of the Chinese Academy of Engineering, and the 10th National Congress of the China Association for Science and Technology
the 20th Conference of Academicians of the Chinese Academy of Sciences, the 15th Conference of Academicians of the Chinese Academy of Engineering, and the 10th National Congress of the China Association for Science and Technology
the 20th Conference of Academicians of the Chinese Academy of Sciences, the 15th Conference of Academicians of the Chinese Academy of Engineering, and the 10th National Congress of the China Association for Science and Technology
the 20th Academician Conference of the Chinese Academy of Sciences, the 15th Academician Conference of the Chinese Academy of Engineering, and the 10th National Congress of the China Association for Science and Technology",http://jhsjk.people.cn/article/32116542,国防,speech
1167,习近平,习近平在第十三届全国人民代表大会第一次会议上的讲话,Xi Jinping's speech at the first session of the 13th National People's Congress,20.03.2018,Beijing,the 13th National People's Congress,http://jhsjk.people.cn/article/29879544,国防,speech
8416,习近平,习近平在庆祝中国人民解放军建军90周年阅兵时的讲话,Xi Jinping's speech at a military parade celebrating the 90th anniversary of the founding of the Chinese People's Liberation Army,31.07.2017,Beijing,The 90th anniversary of the founding of the Chinese People's Liberation Army,http://jhsjk.people.cn/article/29437662,国防,speech
7709,习近平,在颁发“中国人民抗日战争胜利70周年”纪念章仪式上的讲话,Speech at the ceremony of awarding the commemorative medal for the 70th anniversary of the victory of the Chinese People's War of Resistance Against Japanese Aggression,02.09.2015,Beijing,The 70th anniversary of the victory of the Chinese People's War of Resistance Against Japanese Aggression,http://jhsjk.people.cn/article/27542879,国防,speech
5942,习近平,在庆祝中华人民共和国成立65周年招待会上的讲话,Speech at a reception celebrating the 65th anniversary of the founding of the People's Republic of China,30.09.2014,Beijing,the 65th anniversary of the founding of the People's Republic of China,http://jhsjk.people.cn/article/25770391,国防,speech
6719,习近平,习近平在首都各界纪念现行宪法公布施行30周年大会上的讲话,Xi Jinping's speech at a meeting of all walks of life in the capital to commemorate the 30th anniversary of the promulgation and implementation of the current Constitution,04.12.2012,Beijing,the 30th anniversary of the promulgation and implementation of the current Constitution,http://jhsjk.people.cn/article/19793598,,speech
1441,习近平,在全国政协新年茶话会上的讲话,Speech at the New Year tea party of the National Committee of the Chinese People's Political Consultative Conference,01.01.2013,Beijing,the New Year tea party of the National Committee of the Chinese People's Political Consultative Conference,http://jhsjk.people.cn/article/20069463,,speech
9858,习近平,认真学习党章 严格遵守党章,Conscientiously study the Party Constitution and strictly abide by the Party Constitution,16.11.2012,Beijing,The 18th National Congress of the Chinese Communist Party,http://jhsjk.people.cn/article/19622693,,speech
6897,习近平,恪守宪法原则弘扬宪法精神履行宪法使命 把全面贯彻实施宪法提高到一个新水平,"Abide by the principles of the Constitution, carry forward the spirit of the Constitution, fulfill the mission of the Constitution, and raise the full implementation of the Constitution to a new level",04.12.2012,Beijing,The 18th National Congress of the Chinese Communist Party,http://jhsjk.people.cn/article/19791897,,article
5957,习近平,把权力关进制度的笼子里,Put power in the cage of the system,22.01.2013,Beijing,Speech at the second plenary session of the 18th Central Commission for Discipline Inspection of the Communist Party of China,http://jhsjk.people.cn/article/20288751,,article
3535,习近平,习近平在十八届中央纪委二次全会上发表重要讲话,Xi Jinping delivered an important speech at the Second Plenary Session of the 18th Central Commission for Discipline Inspection,22.01.2013,Beijing,Speech at the Second Plenary Session of the 18th Central Commission for Discipline Inspection,http://jhsjk.people.cn/article/20289660,,article
5026,习近平,在全党大兴学习之风 依靠学习和实践走向未来,Promote the style of learning in the whole party and rely on study and practice to move towards the future,01.03.2013,Beijing,Speech at the Central Party School,http://jhsjk.people.cn/article/20648929,,article
8405,习近平,习近平在第十二届全国人民代表大会第一次会议上的讲话,Speech at the the 12th National People's Congress,17.03.2013,Beijing,Speech at the 12th National People's Congress,http://jhsjk.people.cn/article/20819130,,speech
4605,习近平,推动中韩关系发展 维护半岛和平稳定,Promote the development of China-ROK relations and maintain peace and stability on the peninsula,20.03.2013,Beijing,A telephone conversation with Korean President Park Geun-hye,http://jhsjk.people.cn/article/20855443,,
4913,习近平,习近平答金砖国家记者问：增进同往访国人民友好感情,Xi Jinping's answer to a question from a reporter from the BRICS countries: Enhance friendship with the people of the countries he has visited,19.03.2013,Beijing,"An interview on the eve of Xi's state visits to Russia, Tanzania, South Africa and the Republic of Congo and attending the fifth BRICS summit",http://jhsjk.people.cn/article/20862471,,
4130,习近平,习近平同阮富仲通电话 强调巩固和发展中越两党两国关系,Xi Jinping had a telephone conversation with Nguyen Phu Trong and stressed the need to consolidate and develop relations between the two parties and two countries between China and Vietnam,21.03.2013,Beijing,A telephone conversation with General Secretary of the Central Committee of the Communist Party of Vietnam Nguyen Phu Trong,http://jhsjk.people.cn/article/20868807,,
5687,习近平,顺应时代前进潮流 促进世界和平发展,Conform to the trend of the times and promote world peace and development,24.03.2013,Moscow,Lecture at the Moscow Institute of International Relations,http://jhsjk.people.cn/article/20893328,,
4660,习近平,习近平主席在博鳌亚洲论坛2013年年会上的主旨演讲,President Xi Jinping's keynote speech at the Boao Forum for Asia Annual Conference 2013,07.04.2013,Boao,Boao Forum For Asia,http://jhsjk.people.cn/article/21045989,,
4358,习近平,习近平在同全国劳动模范代表座谈时的讲话,Xi Jinping's speech at a symposium with representatives of national model workers,28.04.2013,Beijing,Speech at the International Labor Day at the All-China Federation of Trade Unions ,http://jhsjk.people.cn/article/21323712,,
4179,习近平,习近平同各界优秀青年代表座谈时的讲话,Xi Jinping's speech at the symposium with outstanding youth representatives from all walks of life,04.05.2013,Beijing,Speech at a forum with outstanding youth representatives from all walks of life,http://jhsjk.people.cn/article/21367227,,
5585,习近平,坚持节约资源和保护环境基本国策 努力走向社会主义生态文明新时代,"Adhere to the basic national policy of conserving resources and protecting the environment, and strive to move towards a new era of socialist ecological civilization",25.05.2013,Beijing,Speech at the at the sixth collective study of the Political Bureau of the CPC Central Committee,http://jhsjk.people.cn/article/21611332,,
6252,习近平,依法治国依法执政依法行政共同推进,"Xi Jinping: Governing the country according to law, governing according to law, and administering according to law will be jointly promoted",25.05.2013,Beijing,Speech at the at the sixth collective study of the Political Bureau of the CPC Central Committee,http://jhsjk.people.cn/article/21613827,,
6687,习近平,更好统筹国内国际两个大局 夯实走和平发展道路的基础,Xi Jinping: Better coordinate the overall domestic and international situations and lay a solid foundation for taking the path of peaceful development,25.05.2013,Beijing,Speech at the third collective study of the Political Bureau of the CPC Central Committee,http://jhsjk.people.cn/article/21613829,,
1173,习近平,以更大的政治勇气和智慧深化改革,Xi Jinping: Deepen reform with greater political courage and wisdom,31.12.2012,Beijing,Speech at the at the second collective study of the Political Bureau of the CPC Central Committee,http://jhsjk.people.cn/article/21613836,,
2202,习近平,深入学习宣传贯彻党的十八大精神,"Xi Jinping: In-depth study, publicity and implementation of the spirit of the 18th National Congress of the Communist Party of China",17.11.2012,Beijing,Speech at the first collective study of the Political Bureau of the CPC Central Committee,http://jhsjk.people.cn/article/21613839,,
7955,习近平,习近平在墨西哥参议院的演讲：促进共同发展 共创美好未来,Xi Jinping's speech in the Senate of Mexico: Promote common development and create a better future,05.06.2013,Mexico City,Speech at the Senate of the Republic of Mexico,http://jhsjk.people.cn/article/21770184,,
1643,习近平,共同维护和发展开放型世界经济,Xi Jinping: Jointly maintain and develop an open world economy,05.09.2013,St. Petersburg,Speech on the world economic situation at the first phase of the G20 Leaders' Summit,http://jhsjk.people.cn/article/22826347,,
6617,习近平,习近平在纳扎尔巴耶夫大学的演讲,Xi Jinping's speech at Nursultan Nazarbayev University,08.09.2013,Astana,Speech at Nursultan Nazarbayev University,http://jhsjk.people.cn/article/22843712,,
5153,习近平,习近平在上海合作组织成员国元首理事会第十三次会议上的讲话,Xi Jinping's speech at the 13th meeting of the Council of Heads of State of the Shanghai Cooperation Organization,13.09.2013,Bishkek,Speech at the 13th meeting of the Council of Heads of State of the Shanghai Cooperation Organization,http://jhsjk.people.cn/article/22920495,,
2233,习近平,习近平同约旦国王阿卜杜拉二世会谈时强调 ：携手促进中约友好合作,"During his talks with King Abdullah II of Jordan, Xi Jinping stressed: Work together to promote friendly cooperation between China and Jordan",18.09.2013,Beijing ,Talks with King Abdullah II of Jordan at the Great Hall of the People in Beijing,http://jhsjk.people.cn/article/22970512,,
5161,习近平,习近平：把“枫桥经验”坚持好、发展好 把党的群众路线坚持好、贯彻好,"Xi Jinping: Adhere to and develop the ""Fengqiao experience"". We must uphold and implement the party's mass line well",12.10.2013,Beijing,"Instructions on adhering to and developing the ""Fengqiao Experience""",http://jhsjk.people.cn/article/23172357,,
7385,习近平,在欧美同学会成立100周年庆祝大会上的讲话,Speech at the celebration of the 100th anniversary of the founding of the European and American Returned Scholars Association,21.10.2013,Beijing,Speech at the celebration of the 100th anniversary of the establishment of the European and American Returned Scholars Association,http://jhsjk.people.cn/article/23277634,,
5577,习近平,关于《中共中央关于全面深化改革若干重大问题的决定》的说明,Explanation on the Decision of the Central Committee of the Communist Party of China on Several Major Issues Concerning Comprehensively Deepening Reform,15.11.2013,Beijing,"Explanation of the ""Decision of the Central Committee of the Communist Party of China on Several Major Issues Concerning Comprehensively Deepening Reform"".",http://jhsjk.people.cn/article/23559310,,
7692,习近平,推动全党学习和掌握历史唯物主义 更好认识规律更加能动地推进工作,"Promote the whole party to study and master historical materialism, better understand the law, and promote the work more actively",05.12.2013,Beijing,Speech during the 11th collective study on the basic principles and methodology of historical materialism at the Political Bureau of the CPC Central Committee ,http://jhsjk.people.cn/article/23748665,,
3253,习近平,习近平在纪念毛泽东同志诞辰120周年座谈会上的讲话,Speech at a symposium to commemorate the 120th anniversary of Comrade Mao Zedong's birth,26.12.2013,Beijing,Speech at a symposium to commemorate the 120th anniversary of Comrade Mao Zedong's birth,http://jhsjk.people.cn/article/23952651,,
6354,习近平,在全国政协新年茶话会上的讲话,Speech at the New Year tea party of the National Committee of the Chinese People's Political Consultative Conference,29.12.2013,Beijing,the New Year tea party of the National Committee of the Chinese People's Political Consultative Conference,https://www.gov.cn/yaowen/liebiao/202312/content_6923290.htm,,
7588,习近平,国家主席习近平发表二〇一四年新年贺词,President Xi Jinping delivered his 2014 New Year message,01.01.2014,Beijing,2014 New Year Message,http://jhsjk.people.cn/article/23995306,,
3494,习近平,新时代新征程中国共产党的使命任务,The mission and tasks of the Communist Party of China in the new era and new journey,30.06.2024,Beijing,The mission and tasks of the Communist Party of China in the new era and new journey,http://jhsjk.people.cn/article/40267387,,
1905,习近平,继往开来，携手开创中法合作新时代,"Carry forward the past and forge ahead into the future, and work together to create a new era of Sino-French cooperation",06.05.2024,Paris,Speech at the Closing Ceremony of the 6th Meeting of the Franco-Chinese Business Council,http://jhsjk.people.cn/article/40230765,,
6926,习近平,在二〇二四年春节团拜会上的讲话,Speech at the 2024 Spring Festival Gathering,08.02.2024,Beijing,Speech at the 2024 Spring Festival Gathering,http://jhsjk.people.cn/article/40176306,,
8974,习近平,铸牢中华民族共同体意识 推进新时代党的民族工作高质量发展,Strengthen the sense of community of the Chinese nation and promote the high-quality development of the party's ethnic work in the new era,31.01.2024,Beijing,Speech at the the ninth collective study of the Political Bureau of the 20th CPC Central Committee,http://jhsjk.people.cn/article/40170439,,
1586,习近平,国家主席习近平发表二〇二四年新年贺词,President Xi Jinping delivered his 2024 New Year message,01.01.2024,Beijing,2024 New Year Message,http://jhsjk.people.cn/article/40150459,,
7781,习近平,在纪念毛泽东同志诞辰130周年座谈会上的讲话,Speech at a symposium to commemorate the 130th anniversary of Comrade Mao Zedong's birth,26.12.2023,Beijing,Speech at a symposium to commemorate the 130th anniversary of Comrade Mao Zedong's birth,http://jhsjk.people.cn/article/40147415,,
3464,习近平,在庆祝中华人民共和国成立74周年招待会上的讲话,Speech at a reception celebrating the 74th anniversary of the founding of the People's Republic of China,28.09.2023,Beijing,Speech at a reception celebrating the 74th anniversary of the founding of the People's Republic of China,http://jhsjk.people.cn/article/40087767,,
8302,习近平,加强部队全面建设 提高边境防卫管控能力 努力锻造卫国戍边钢铁长城,"Strengthen the comprehensive building of the armed forces, improve the ability of border defense and control, and strive to forge a great wall of steel to defend the country and defend the borders",07.06.2024,Beijing,Inspection of the situation of border control and the construction of border defense forces,http://jhsjk.people.cn/article/40010474,,
2409,习近平,习近平在“上海合作组织+”阿斯塔纳峰会上的讲话,Working together to build a better home for the SCO,04.07.2024,Astana,Speech at the SCO+ summit in Astana,http://www.news.cn/politics/leaders/20240704/70bd97f24ec44eab942c6092f28a6824/c.html,,
1560,习近平,习近平：在全国科技大会、国家科学技术奖励大会、两院院士大会上的讲话,"Speech at the National Science and Technology Conference, the National Science and Technology Award Conference, and the Academician Conference of the Chinese Academy of Sciences and the Chinese Academy of Sciences",24.06.2024,Beijing,"the National Science and Technology Conference, the National Science and Technology Award Conference, and the Academician Conference of the Chinese Academy of Sciences and the Chinese Academy of Sciences",http://www.news.cn/politics/leaders/20240624/16741a201e564d8d8775ffb1450ecf29/c.html,,
6039,习近平,中國共產黨第二十屆中央委員會第三次全體會議公報,Communiqué of the Third Plenary Session of the 20th Central Committee of the Communist Party of China,17.07.2024,Beijing,the Third Plenary Session of the 20th Central Committee of the Communist Party,http://www.81.cn/jwtt/16325407.html,,Document
9834,习近平,关于《中共中央关于进一步全面深化改革、推进中国式现代化的决定》的说明,"Explanation of the ""Decision of the Central Committee of the Communist Party of China on Further Comprehensively Deepening Reform and Promoting Chinese-style Modernization""",22.07.2024,Beijing,Decision of the CPC Central Committee on Further Comprehensively Deepening Reform and Promoting Chinese-style Modernization.,http://jhsjk.people.cn/article/40282391,,
8863,中国共产党中央委员会,中共中央关于进一步全面深化改革 推进中国式现代化的决定,Decision of the Central Committee of the Communist Party of China on Further Comprehensively Deepening Reform and Promoting Chinese-style Modernization,21.07.2024,Beijing,Decision of the CPC Central Committee on Further Comprehensively Deepening Reform and Promoting Chinese-style Modernization.,https://www.gov.cn/zhengce/202407/content_6963770.htm,,
5569,习近平,在二十届中央审计委员会第一次会议上的讲话,Speech at the first meeting of the 20th Central Audit Commission,23.05.2023,Beijing,Speech at the first meeting of the 20th Central Audit Commission,http://jhsjk.people.cn/article/40107226,,
5572,习近平,建设开放包容、互联互通、共同发展的世界,"Build an open, inclusive, interconnected and common development world",18.10.2023,Beijing,Keynote speech at the opening ceremony of the 3rd Belt and Road Forum for International Cooperation,http://jhsjk.people.cn/article/40098617,,
4493,习近平,开辟马克思主义中国化时代化新境界,Open up a new realm of Sinicization and modernization of Marxism,15.10.2023,Beijing,Speech at the sixth collective study session of the Political Bureau of the 20 th CPC Central Committee,http://jhsjk.people.cn/article/40095529,,
7665,习近平,在庆祝中华人民共和国成立74周年招待会上的讲话,Speech at a reception celebrating the 74th anniversary of the founding of the People's Republic of China,28.09.2023,Beijing,Speech at a reception celebrating the 74th anniversary of the founding of the People's Republic of China,http://jhsjk.people.cn/article/40087767,,
7523,习近平,团结协作谋发展 勇于担当促和平,"Solidarity and cooperation for development, courage to take responsibility and promote peace",23.08.2023,Johannesburg,Remarks at the 15th BRICS Summit,http://jhsjk.people.cn/article/40062888,,
9930,习近平,中国式现代化是强国建设、民族复兴的康庄大道,Chinese-style modernization is a broad road to building a strong country and rejuvenating the nation,15.08.2023,Beijing,"A part of General Secretary Xi Jinping's speech on February 7, 2023 at a seminar for new members and alternate members of the Central Committee and major leading cadres at the provincial and ministerial levels to study and implement Xi Jinping Thought on Socialism with Chinese Characteristics for a New Era and the spirit of the 20th National Congress of the Communist Party of China.",http://jhsjk.people.cn/article/40057111,,
5354,习近平,加强基础研究 实现高水平科技自立自强,Strengthen basic research and achieve high-level scientific and technological self-reliance and self-reliance,01.08.2023,Beijing,Article at Qiushi Magazine,http://jhsjk.people.cn/article/40047856,,
3799,习近平,深化党和国家机构改革 推进国家治理体系和治理能力现代化,Deepen the reform of Party and state institutions and promote the modernization of the national governance system and governance capacity,28.02.2023,Beijing,A part of  Xi Jinping's speech at the Second Plenary Session of the 20th Central Committee of the Communist Party of China,http://jhsjk.people.cn/article/40036476,,
7003,习近平,牢记初心使命 坚持团结协作 实现更大发展,"Keep in mind the original mission, adhere to unity and cooperation, and achieve greater development",04.07.2023,Shanghai,Speech at the 23rd Meeting of the Council of Heads of State of the Shanghai Cooperation Organization,http://jhsjk.people.cn/article/40028144,,
1102,习近平,在第十四届全国人民代表大会第一次会议上的讲话,Speech at the First Session of the 14th National People's Congress,13.03.2023,Beijing,Speech at the First Session of the 14th National People's Congress,http://jhsjk.people.cn/article/32643813,,
2975,习近平,国家主席习近平发表二〇二三年新年贺词,2023 New Year message,01.01.2023,Beijing,2023 New Year Message,http://jhsjk.people.cn/article/32597789,,
9836,习近平,在全国政协新年茶话会上的讲话,Speech at the New Year's Tea Party of the National Committee of the Chinese People's Political Consultative Conference,31.12.2022,Beijing,Speech at the New Year's Tea Party of the National Committee of the Chinese People's Political Consultative Conference,http://jhsjk.people.cn/article/32597457,,
9302,习近平,坚守初心 共促发展 开启亚太合作新篇章,"Stick to the original aspiration, jointly promote development, and open a new chapter in Asia-Pacific cooperation",17.11.2022,Bangkok,Written speech at the APEC Business Leaders Summit ,http://jhsjk.people.cn/article/32568953,,
8223,习近平,共迎时代挑战 共建美好未来,Meet the challenges of the times and build a better future together,15.11.2022,Bali,Remarks at the first phase of the 17th G20 Summit,http://jhsjk.people.cn/article/32567049,,
8351,习近平,构建高质量伙伴关系 共创全球发展新时代,Build high-quality partnerships to create a new era of global development,24.06.2022,Beijing,Remarks at the High-level Dialogue on Global Development,http://jhsjk.people.cn/article/32456211,,
6627,习近平,在庆祝中国共产主义青年团成立100周年大会上的讲话,Speech at the celebration of the 100th anniversary of the founding of the Communist Youth League of China,10.05.2022,Beijing,Speech at the celebration of the 100th anniversary of the founding of the Communist Youth League of China,http://jhsjk.people.cn/article/32418823,,
1038,习近平,在北京冬奥会、冬残奥会总结表彰大会上的讲话,Speech at the Beijing Winter Olympics and Winter Paralympics Summary and Commendation Conference,08.04.2022,Beijing,Speech at the Beijing Winter Olympics and Winter Paralympics Summary and Commendation Conference,http://jhsjk.people.cn/article/32395043,,
7341,习近平,坚定信心 勇毅前行 共创后疫情时代美好世界,"Strengthen confidence, move forward with courage and perseverance, and create a better world in the post-epidemic era",17.01.2022,Beijing,Speech at the 2022 World Economic Forum Virtual Conference,http://jhsjk.people.cn/article/32333729,,
2182,习近平,国家主席习近平发表二〇二二年新年贺词,2022 New Year message,01.01.2022,Beijing,2022 New Year message,http://jhsjk.people.cn/article/32322150,,
5158,习近平,深入实施新时代人才强国战略 加快建设世界重要人才中心和创新高地,"Deeply implement the strategy of strengthening the country with talents in the new era, and accelerate the construction of the world's important talent center and innovation highland",15.12.2021,Beijing,Remarks on the strategy of strengthening the country with talents in the new era,http://jhsjk.people.cn/article/32308911,,
2663,习近平,命运与共 共建家园,Destiny and building a homeland together,22.11.2021,Beijing,Remarks at the Summit to Commemorate the 30th Anniversary of ASEAN-China Dialogue Relations,http://jhsjk.people.cn/article/32289263,,
3438,习近平,在庆祝中国共产党成立95周年大会上的讲话,Speech at the celebration of the 95th anniversary of the founding of the Communist Party of China,01.07.2016,Beijing,Speech at the celebration of the 95th anniversary of the founding of the Communist Party of China,http://jhsjk.people.cn/article/32079803,,
2154,习近平,在庆祝中国共产党成立100周年大会上的讲话,Speech at the celebration of the 100th anniversary of the founding of the Communist Party of China,01.07.2021,Beijing,Speech at the celebration of the 100th anniversary of the founding of the Communist Party of China,http://jhsjk.people.cn/article/32146864,,
4668,习近平,坚定决心意志 埋头苦干实干 确保如期实现建军一百年奋斗目标,"Firm determination, will, hard work We will ensure that the goal of the 100th anniversary of the founding of the army will be achieved as scheduled",01.08.2021,Beijing,Speech at the 32nd collective study of the Political Bureau of the CPC Central Committee,http://jhsjk.people.cn/article/32176985,,
4021,习近平,不忘初心 砥砺前行 开启上海合作组织发展新征程,We will not forget our original aspiration and forge ahead to embark on a new journey in the development of the SCO,17.09.2021,Beijing,Speech at the 21st Meeting of the Council of Heads of State of the Shanghai Cooperation Organization (SCO) ,http://jhsjk.people.cn/article/32230627,,
2360,习近平,全面开创武器装备建设新局面 为实现建军一百年奋斗目标作出积极贡献,Comprehensively create a new situation in the construction of weapons and equipment and make positive contributions to the realization of the goal of the 100th anniversary of the founding of the army,27.10.2021,Beijing,Speech at the All-Army Armament Work Conference ,http://jhsjk.people.cn/article/32265338,,
8364,习近平,实现“十四五”时期国防和军队建设良好开局,"the ""14th Five-Year Plan"" period should achieve a good start in national defense and army building",09.03.2021,Beijing,"the ""14th Five-Year Plan"" period should achieve a good start in national defense and army building",http://jhsjk.people.cn/article/32047169,,
5894,习近平,凝心聚力，继往开来 携手共谱合作新篇章,"Cohesion, carry forward the past and forge ahead into the future, and work together to write a new chapter of cooperation",10.02.2021,Beijing,Keynote speech at the China-CEEC Leaders' Summit,http://jhsjk.people.cn/article/32027987,,
1523,习近平,国家主席习近平发表二〇二一年新年贺词,2021 New Year message,01.01.2021,Beijing,2021 New Year message,http://jhsjk.people.cn/article/31986373,,
2311,习近平,推进全面依法治国，发挥法治在国家治理体系和治理能力现代化中的积极作用,"Promote the comprehensive rule of law, and give play to the positive role of the rule of law in the modernization of the country's governance system and capacity",15.11.2020,Beijing,Remarks at the the Fourth Plenary Session of the 19th Central Committee of the Communist Party of China (CPC) ,http://jhsjk.people.cn/article/31931492,,
3037,习近平,习近平总书记在出席庆祝中华人民共和国成立70周年系列活动时的讲话,Speeches at a series of activities to celebrate the 70th anniversary of the founding of the People's Republic of China,01.10.2019,Beijing,General Secretary Xi Jinping's speech at a series of activities to celebrate the 70th anniversary of the founding of the People's Republic of China,http://jhsjk.people.cn/article/31881501,,
6804,习近平,在联合国成立75周年纪念峰会上的讲话,Speech at the summit commemorating the 75th anniversary of the founding of the United Nations,21.09.2020,Beijing,Speech at the summit commemorating the 75th anniversary of the founding of the United Nations,http://jhsjk.people.cn/article/31869865,,
8074,习近平,习近平在第十三届全国人民代表大会第一次会议上的讲话,Xi Jinping's speech at the first session of the 13th National People's Congress,20.03.2018,Beijing,Xi Jinping's speech at the first session of the 13th National People's Congress,http://jhsjk.people.cn/article/31710993,,
7728,习近平,国家主席习近平发表二〇二〇年新年贺词,2020 New Year message,01.01.2020,Beijing,2020 New Year message,http://jhsjk.people.cn/article/31530942,,
8526,习近平,习近平在庆祝中华人民共和国成立70周年大会上的讲话,Speech at the celebration of the 70th anniversary of the founding of the People's Republic of China,01.10.2019,Beijing,the 70th anniversary of the founding of the People's Republic of China,http://jhsjk.people.cn/article/31383364,,
5257,习近平,在庆祝全国人民代表大会成立六十周年大会上的讲话,Speech at the celebration of the 60th anniversary of the founding of the National People's Congres,05.09.2014,Beijing,Speech at the celebration of the 60th anniversary of the founding of the National People's Congres,http://jhsjk.people.cn/article/31353660,,
1039,习近平,全党必须始终不忘初心牢记使命 在新时代把党的自我革命推向深入,The whole party must never forget its original aspiration and keep its mission in mind to deepen the party's self-revolution in the new era,26.06.2019,Beijing,The 15th collective study session of the Political Bureau of the Central Committee of the Communist Party of China (CPC),http://jhsjk.people.cn/article/31194990,,
8996,习近平,坚定文化自信，建设社会主义文化强国,Strengthen cultural self-confidence and build a socialist cultural power,19.08.2013,Beijing,Speech at the National Conference on Propaganda and Ideological Work,http://jhsjk.people.cn/article/31154163,,
6556,习近平,深入理解新发展理念,Deeply understand the new development concept,18.01.2016,Beijing,Remarks at the Fifth Plenary Session of the 18th Central Committee at the Central Party School,http://jhsjk.people.cn/article/31088253,,
2652,习近平,关于坚持和发展中国特色社会主义的几个问题,On several issues on upholding and developing socialism with Chinese characteristics,05.01.2013,Beijing,Speech at the seminar for new members and alternate members of the Central Committe at the Central Party School,http://jhsjk.people.cn/article/31005184,,
6195,习近平,为实现民族伟大复兴 推进祖国和平统一而共同奋斗,We will work together to achieve the great rejuvenation of the nation and promote the peaceful reunification of the motherland,02.01.2019,Beijing,Speech at the 40th Anniversary of the Publication of the Letter to Taiwan Compatriots ,http://jhsjk.people.cn/article/30500560,,
2103,习近平,国家主席习近平发表二〇一九年新年贺词,2019 New Year message,01.01.2018,Beijing,2019 New Year message,http://jhsjk.people.cn/article/30497577,,
9240,习近平,习近平在纪念马克思诞辰200周年大会上的讲话,Speech at a conference to commemorate the 200th anniversary of Marx's birth,04.05.2018,Beijing,A conference to commemorate the 200th anniversary of Marx's birth,http://jhsjk.people.cn/article/29966415,,
8340,习近平,习近平在第十三届全国人民代表大会第一次会议上的讲话,Speech at the first session of the 13th National People's Congress,29.03.2018,Beijing,Speech at the first session of the 13th National People's Congress,http://jhsjk.people.cn/article/29879544,,
1291,习近平,国家主席习近平发表二〇一八年新年贺词,2018 New Year message,01.01.2018,Beijing,2018 New Year message,http://jhsjk.people.cn/article/29738430,,
3301,习近平,在党的十九届一中全会上的讲话,Speech at the First Plenary Session of the 19th Central Committee of the Communist Party of China,25.10.2017,Beijing,Speech at the First Plenary Session of the 19th Central Committee of the Communist Party of China,http://jhsjk.people.cn/article/29738076,,
8629,习近平,深入学习贯彻党的十九大精神 全力推进新时代练兵备战工作,"In-depth study and implementation of the spirit of the 19th National Congress of the Communist Party of China, and make every effort to promote the work of training and preparing for war in the new era",13.12.2017,Beijing,Remarks during the inspection of the 71st Group Army,http://jhsjk.people.cn/article/29708436,,
3160,习近平,习近平在中国共产党与世界政党高层对话会上的主旨讲话,Speech at the high-level dialogue between the Communist Party of China and world political parties,01.12.2017,Beijing,Speech at the high-level dialogue between the Communist Party of China and world political parties,http://jhsjk.people.cn/article/29681332,,
2844,习近平,为实现党在新时代的强军目标 把人民军队全面建成世界一流军队而奋斗,Strive to achieve the party's goal of strengthening the army in the new era and build the people's army into a world-class army in an all-round way,26.10.2017,Beijing,Speech at the meeting of military leading cadres,http://jhsjk.people.cn/article/29611270,,
6368,习近平,共同构建人类命运共同体,Work together to build a community with a shared future for mankind,18.01.2017,Geneva,Speech at the United Nations Headquarters in Geneva,http://jhsjk.people.cn/article/29037658,,
1856,习近平,国家主席习近平发表二〇一七年新年贺词,2017 New Year message,01.01.2017,Beijing,2017 New Year message,http://jhsjk.people.cn/article/28991776,,
5044,习近平,为构建中美新型大国关系而不懈努力,Make unremitting efforts to build a new model of major-country relations between China and the United States,06.06.2016,Beijing,Remarks at the joint opening ceremony of the eighth round of the U.S.-China Strategic and Economic Dialogue and the seventh round of the U.S.-China High-level Consultation on People-to-People Exchanges,http://jhsjk.people.cn/article/28415061,,
8914,习近平,共创中俄关系更加美好的明天,Create a better tomorrow for China-Russia relations,25.06.2016,Beijing,"Speech at the 15th Anniversary of the Signing of the Sino-Russian Treaty of Good-Neighborliness, Friendship and Cooperation",http://jhsjk.people.cn/article/28478483,,
1054,习近平,加强国际核安全体系 推进全球核安全治理,Strengthening the international nuclear security system and advancing global nuclear security governance,01.04.2016,Washington,Speech at the Nuclear Security Summit in Washington,http://jhsjk.people.cn/article/28245927,,
3267,习近平,关于实现中华民族伟大复兴的中国梦,On the realization of the Chinese dream of the great rejuvenation of the Chinese nation,20.04.2016,Beijing,Xi Jinping's Series of Important Speeches (2016 Edition),http://jhsjk.people.cn/article/28289029,,
8740,习近平,关于坚持和发展中国特色社会主义,On upholding and developing socialism with Chinese characteristics,20.04.2016,Beijing,Xi Jinping's Series of Important Speeches (2016 Edition),http://jhsjk.people.cn/article/28292330,,
1831,习近平,深刻认识全面建成小康社会决胜阶段的形势,Deeply understand the situation in the decisive stage of building a moderately prosperous society in an all-round way,29.10.2015,Beijing,Speech at the Second Plenary Session of the Fifth Plenary Session of the 18th Central Committee of the Communist Party of China,http://jhsjk.people.cn/article/28009486,,
4888,习近平,近平在出席解放军和武警部队代表团全体会议时强调 实现“十四五”时期国防和军队建设良好开局 以优异成绩迎接中国共产党建党100周年,Xi Jinping stressed at the plenary meeting of the delegation of the People's Liberation Army and the People's Armed Police Force that the 14th Five-Year Plan period for national defense and army building will make a good start and greet the 100th anniversary of the founding of the Communist Party of China with excellent results,09.03.2021,Beijing,Speech at the Fourth Session of the 13th National People's Congress,http://www.xinhuanet.com/politics/2021-03/09/c_1127191057.htm,,
4388,习近平,深入学习贯彻党的十八大精神　建设强大的信息化战略导弹部队,Thoroughly study and implement the spirit of the 18th National Congress of the Communist Party of China and build a powerful information-based strategic missile force,05.12.2012,Beijing,Remarks during a meeting with representatives of the Eighth Party Congress of the Second Artillery Corps,http://cpc.people.com.cn/n/2012/1205/c64094-19804598.html,,
1474,习近平,弘扬和平共处五项原则　建设合作共赢美好世界,Carry forward the Five Principles of Peaceful Coexistence and build a better world of win-win cooperation,28.06.2024,Beijing,Remarks at the 60th Anniversary of the Five Principles of Peaceful Coexistence,http://jhsjk.people.cn/article/25214109,,
2589,习近平,习近平在荷兰海牙核安全峰会上的讲话,"Speech at the Nuclear Security Summit in The Hague, Netherlands",24.03.2014,Beijing ,"Speech at the Nuclear Security Summit in The Hague, Netherlands",http://jhsjk.people.cn/article/24725050,,
2869,习近平,习近平在德国发表重要演讲 强调中国坚定不移走和平发展道路,"Xi Jinping delivered an important speech in Germany, stressing that China will unswervingly follow the path of peaceful development",29.03.2014,Beijing,Speech in Germany,http://jhsjk.people.cn/article/24770762,,
5725,习近平,共圆中华民族伟大复兴的中国梦,Realize the Chinese dream of the great rejuvenation of the Chinese nation,18.02.2014,Beijing,Realize the Chinese dream of the great rejuvenation of the Chinese nation,http://jhsjk.people.cn/article/24399558,,
2403,习近平,国家主席习近平发表二〇一四年新年贺词,2014 New Year message,01.01.2014,Beijing,2014 New Year message,http://jhsjk.people.cn/article/23995306,,
1459,习近平,贯彻落实新时代政治建军方略 为强军事业提供坚强政治保证,Implement the strategy of political and military building in the new era and provide a strong political guarantee for the cause of strengthening the military,20.06.2024,Yannan,Speech during the Central Military Commission's Political Work Conference,http://jhsjk.people.cn/article/40260354,,
7239,习近平,为同心共圆中国梦广泛凝心聚力,"In order to work together to realize the Chinese dream, we will work together to gather our hearts and minds",18.06.2024,Beijing,A letter to congratulating the 100th anniversary of the founding of the Whampoa Military Academy and the 40th anniversary of the establishment of the Whampoa Military Academy Alumni Association,http://jhsjk.people.cn/article/40258933,,
3222,习近平,弘扬光荣传统 苦练过硬本领 努力锻造敢打必胜的空降利刃,"Carry forward the glorious tradition, practice hard skills, and strive to forge an airborne blade that dares to fight and win",31.07.2024,Beijing,"A letter to all the officers and men of the ""Model Airborne Company""",http://jhsjk.people.cn/article/40047855,,
2387,习近平,全面加强军事治理 以高水平治理推动我军高质量发展,Comprehensively Strengthen Military Governance Promote the high-quality development of our military with high-level governance,26.07.2024,Beijing,Remarks at the seventh collective study of the Political Bureau of the CPC Central Committee,http://jhsjk.people.cn/article/40043702,,
8171,习近平,贯彻落实党的二十大精神 全面加强练兵备战,Implement the spirit of the 20th National Congress of the Communist Party of China and comprehensively strengthen military training and preparation,09.11.2022,Beijing,Remarks during an inspection of the Joint Operations Command Center of the Military Commission,http://jhsjk.people.cn/article/32561913,,
8181,习近平,认真总结运用改革成功经验 奋力开创改革强军新局面,We should conscientiously sum up and apply the successful experience of reform and strive to create a new situation in reforming and strengthening the army,22.09.2022,Beijing,Speech during a seminar on national defense and military reform,http://jhsjk.people.cn/article/32531515,,
1903,中國軍隊政治工作,深刻領悟習近平強軍思想的實踐品格,Deeply understand the practical character of Xi Jinping's thought on strengthening the army,n/a,Beijing,Analysis of Xi Jinping's Through on Military by Political Work of the Chinese Army,http://www.81.cn/ll_208543/16318890.html,,
22410,习近平,坚持富国和强军相统一 努力建设巩固国防和强大军队,"Adhere to the unity of a rich country and a strong army, and strive to build and consolidate national defense and a strong army",13.12.2012,Beijing,Remarks during an inspection in the Guangzhou Theater,http://jhsjk.people.cn/article/19880301,,
81273,解放軍報客戶端,新時代推動軍隊高質量發展的科學指南,A scientific guide to promote the high-quality development of the military in the new era,17.07.2024,Beijing,A scientific guide to promote the high-quality development of the military in the new era,http://www.81.cn/ll_208543/16325217.html,,
65691,中华人民共和国国务院新闻办公室,中国的军事战略,China's military strategy,26.05.2015,Beijing,Full text of the White Paper on National Defense,http://www.81.cn/dblj/2015-05/26/content_6507373.htm,,
22853,中华人民共和国国务院新闻办公室,中国武装力量的多样化运用,China's military strategy,01.04.2013,Beijing,Full text of the White Paper on National Defense,https://www.gov.cn/zhengce/2013-04/16/content_2618550.htm,,
12360,,,,,,,,,
23460,,,,,,,,,
55914,,,,,,,,,
15405,,,,,,,,,
63711,,,,,,,,,
42285,,,,,,,,,
80682,,,,,,,,,
13876,,,,,,,,,
60350,,,,,,,,,
21338,,,,,,,,,
51585,,,,,,,,,
87013,,,,,,,,,
72991,,,,,,,,,
68687,,,,,,,,,
86628,,,,,,,,,
40614,,,,,,,,,
53510,,,,,,,,,
45697,,,,,,,,,
27023,,,,,,,,,
58915,,,,,,,,,
80299,,,,,,,,,
28046,,,,,,,,,
30937,,,,,,,,,
65472,,,,,,,,,
78988,,,,,,,,,
91489,,,,,,,,,
74597,,,,,,,,,
47832,,,,,,,,,
53062,,,,,,,,,
28027,,,,,,,,,
16592,,,,,,,,,
81725,,,,,,,,,
67162,,,,,,,,,
81486,,,,,,,,,
92239,,,,,,,,,
59015,,,,,,,,,
98856,,,,,,,,,
63338,,,,,,,,,
27637,,,,,,,,,
28252,,,,,,,,,
89587,,,,,,,,,
49731,,,,,,,,,
62770,,,,,,,,,
24706,,,,,,,,,
15051,,,,,,,,,
23292,,,,,,,,,